{
  "timestamp": "2026-04-07T15:42:24.615342",
  "n_agents": 22,
  "n_humans": 22,
  "n_total": 44,
  "feature_analysis": {
    "tx_interval_mean": {
      "agent_mean": 25427.32603783733,
      "agent_std": 102353.45919717643,
      "human_mean": 325856.1580369153,
      "human_std": 483331.9680350359,
      "n_agent": 22,
      "n_human": 22,
      "mann_whitney_u": 70.0,
      "p_value": 5.6840991621296995e-05,
      "significant_005": true,
      "significant_001": true,
      "auc": 0.14462809917355368,
      "auc_adjusted": 0.8553719008264463
    },
    "tx_interval_std": {
      "agent_mean": 89278.03917642758,
      "agent_std": 341569.711618404,
      "human_mean": 1260815.209903954,
      "human_std": 1732984.3234904013,
      "n_agent": 22,
      "n_human": 22,
      "mann_whitney_u": 77.0,
      "p_value": 0.00011280977226914198,
      "significant_005": true,
      "significant_001": true,
      "auc": 0.15909090909090912,
      "auc_adjusted": 0.8409090909090908
    },
    "tx_interval_skewness": {
      "agent_mean": 38.308675972512894,
      "agent_std": 22.038589811546206,
      "human_mean": 15.80888167590848,
      "human_std": 16.52470257835653,
      "n_agent": 22,
      "n_human": 22,
      "mann_whitney_u": 372.0,
      "p_value": 0.0023680989085871048,
      "significant_005": true,
      "significant_001": true,
      "auc": 0.768595041322314,
      "auc_adjusted": 0.768595041322314
    },
    "active_hour_entropy": {
      "agent_mean": 2.9046693338375955,
      "agent_std": 0.43563987520177494,
      "human_mean": 2.852597935596183,
      "human_std": 0.33518300947972457,
      "n_agent": 22,
      "n_human": 22,
      "mann_whitney_u": 326.0,
      "p_value": 0.04999996319080315,
      "significant_005": true,
      "significant_001": false,
      "auc": 0.6735537190082646,
      "auc_adjusted": 0.6735537190082646
    },
    "night_activity_ratio": {
      "agent_mean": 0.27938730647431387,
      "agent_std": 0.1299349416408768,
      "human_mean": 0.22112703313303325,
      "human_std": 0.12293040483491388,
      "n_agent": 22,
      "n_human": 22,
      "mann_whitney_u": 333.0,
      "p_value": 0.03364734850882312,
      "significant_005": true,
      "significant_001": false,
      "auc": 0.6880165289256198,
      "auc_adjusted": 0.6880165289256198
    },
    "weekend_ratio": {
      "agent_mean": 0.21780286160883444,
      "agent_std": 0.2695445618943971,
      "human_mean": 0.26652215483310826,
      "human_std": 0.16460532252550156,
      "n_agent": 22,
      "n_human": 22,
      "mann_whitney_u": 183.0,
      "p_value": 0.16914931166151304,
      "significant_005": false,
      "significant_001": false,
      "auc": 0.37809917355371897,
      "auc_adjusted": 0.6219008264462811
    },
    "burst_frequency": {
      "agent_mean": 0.3758520256907973,
      "agent_std": 0.2595548271549169,
      "human_mean": 0.20782250472468755,
      "human_std": 0.220168332144074,
      "n_agent": 22,
      "n_human": 22,
      "mann_whitney_u": 329.0,
      "p_value": 0.04231770675036112,
      "significant_005": true,
      "significant_001": false,
      "auc": 0.6797520661157026,
      "auc_adjusted": 0.6797520661157026
    },
    "gas_price_round_number_ratio": {
      "agent_mean": 0.2126417065077779,
      "agent_std": 0.3686741401313449,
      "human_mean": 0.6809824402439199,
      "human_std": 0.2730586642225862,
      "n_agent": 22,
      "n_human": 22,
      "mann_whitney_u": 75.5,
      "p_value": 9.683855384053803e-05,
      "significant_005": true,
      "significant_001": true,
      "auc": 0.1559917355371901,
      "auc_adjusted": 0.84400826446281
    },
    "gas_price_trailing_zeros_mean": {
      "agent_mean": 1.9859352467114164,
      "agent_std": 3.323851880941704,
      "human_mean": 6.337695606007739,
      "human_std": 2.5142627607568055,
      "n_agent": 22,
      "n_human": 22,
      "mann_whitney_u": 68.0,
      "p_value": 4.651106632983293e-05,
      "significant_005": true,
      "significant_001": true,
      "auc": 0.14049586776859505,
      "auc_adjusted": 0.859504132231405
    },
    "gas_limit_precision": {
      "agent_mean": 0.5921468894023701,
      "agent_std": 0.27617839813537276,
      "human_mean": 0.6572215734617486,
      "human_std": 0.26240491280943173,
      "n_agent": 22,
      "n_human": 22,
      "mann_whitney_u": 196.0,
      "p_value": 0.28551848260292656,
      "significant_005": false,
      "significant_001": false,
      "auc": 0.4049586776859504,
      "auc_adjusted": 0.5950413223140496
    },
    "gas_price_cv": {
      "agent_mean": 2.6454747751322,
      "agent_std": 3.4243926708820873,
      "human_mean": 1.1752699445603072,
      "human_std": 0.7023661858170857,
      "n_agent": 22,
      "n_human": 22,
      "mann_whitney_u": 263.0,
      "p_value": 0.6303822918095695,
      "significant_005": false,
      "significant_001": false,
      "auc": 0.5433884297520661,
      "auc_adjusted": 0.5433884297520661
    },
    "eip1559_priority_fee_precision": {
      "agent_mean": 0.0,
      "agent_std": 0.0,
      "human_mean": 0.0,
      "human_std": 0.0,
      "n_agent": 22,
      "n_human": 22,
      "mann_whitney_u": 242.0,
      "p_value": 1.0,
      "significant_005": false,
      "significant_001": false,
      "auc": 0.5,
      "auc_adjusted": 0.5
    },
    "gas_price_nonce_correlation": {
      "agent_mean": -0.026575055742409228,
      "agent_std": 0.21860747499912309,
      "human_mean": 0.03861042642714656,
      "human_std": 0.31629481544130156,
      "n_agent": 22,
      "n_human": 22,
      "mann_whitney_u": 235.0,
      "p_value": 0.8787357510373759,
      "significant_005": false,
      "significant_001": false,
      "auc": 0.4855371900826446,
      "auc_adjusted": 0.5144628099173554
    },
    "unique_contracts_ratio": {
      "agent_mean": 0.03156515848683336,
      "agent_std": 0.10583557891604235,
      "human_mean": 0.16119014947275356,
      "human_std": 0.2340653056721282,
      "n_agent": 22,
      "n_human": 22,
      "mann_whitney_u": 44.0,
      "p_value": 3.17673605298444e-06,
      "significant_005": true,
      "significant_001": true,
      "auc": 0.0909090909090909,
      "auc_adjusted": 0.9090909090909091
    },
    "top_contract_concentration": {
      "agent_mean": 0.8670076041904196,
      "agent_std": 0.33282748187520234,
      "human_mean": 0.4015532687277089,
      "human_std": 0.35720133702647155,
      "n_agent": 22,
      "n_human": 22,
      "mann_whitney_u": 415.0,
      "p_value": 4.5336806882129574e-05,
      "significant_005": true,
      "significant_001": true,
      "auc": 0.8574380165289256,
      "auc_adjusted": 0.8574380165289256
    },
    "method_id_diversity": {
      "agent_mean": 0.054857219490473084,
      "agent_std": 0.13058104210768756,
      "human_mean": 0.15336241463096575,
      "human_std": 0.2198500280900023,
      "n_agent": 22,
      "n_human": 22,
      "mann_whitney_u": 150.0,
      "p_value": 0.03172797870800384,
      "significant_005": true,
      "significant_001": false,
      "auc": 0.30991735537190085,
      "auc_adjusted": 0.6900826446280992
    },
    "contract_to_eoa_ratio": {
      "agent_mean": 0.9422182609877807,
      "agent_std": 0.19354852406129078,
      "human_mean": 0.5544064118017024,
      "human_std": 0.3280187475687629,
      "n_agent": 22,
      "n_human": 22,
      "mann_whitney_u": 427.5,
      "p_value": 1.3578520465794573e-05,
      "significant_005": true,
      "significant_001": true,
      "auc": 0.8832644628099173,
      "auc_adjusted": 0.8832644628099173
    },
    "sequential_pattern_score": {
      "agent_mean": 0.8575064113495793,
      "agent_std": 0.29041666691635076,
      "human_mean": 0.8509283562712316,
      "human_std": 0.1565263582591785,
      "n_agent": 22,
      "n_human": 22,
      "mann_whitney_u": 295.5,
      "p_value": 0.21209102509750988,
      "significant_005": false,
      "significant_001": false,
      "auc": 0.6105371900826446,