{
  "dataset": {
    "n_samples": 19,
    "n_agents": 9,
    "n_humans": 10,
    "n_features": 23,
    "feature_names": [
      "tx_interval_mean",
      "tx_interval_std",
      "tx_interval_skewness",
      "active_hour_entropy",
      "night_activity_ratio",
      "weekend_ratio",
      "burst_frequency",
      "gas_price_round_number_ratio",
      "gas_price_trailing_zeros_mean",
      "gas_limit_precision",
      "gas_price_cv",
      "eip1559_priority_fee_precision",
      "gas_price_nonce_correlation",
      "unique_contracts_ratio",
      "top_contract_concentration",
      "method_id_diversity",
      "contract_to_eoa_ratio",
      "sequential_pattern_score",
      "unlimited_approve_ratio",
      "approve_revoke_ratio",
      "unverified_contract_approve_ratio",
      "multi_protocol_interaction_count",
      "flash_loan_usage"
    ]
  },
  "models": {
    "GradientBoosting": {
      "loo_cv": {
        "auc": 0.9111,
        "precision": 0.7778,
        "recall": 0.7778,
        "f1": 0.7778,
        "accuracy": 0.7895
      },
      "repeated_cv": {
        "mean": {
          "auc": 0.8675,
          "precision": 0.6233,
          "recall": 0.66,
          "f1": 0.6147,
          "accuracy": 0.7133
        },
        "std": {
          "auc": 0.2185,
          "precision": 0.3739,
          "recall": 0.3929,
          "f1": 0.3498,
          "accuracy": 0.2069
        },
        "n_repeats": 10,
        "n_splits": 5
      },
      "loo_predictions": [
        0.0,
        1.0,
        1.0,
        1.0,
        1.0,
        1.0,
        1.0,
        0.0,
        1.0,
        0.0,
        1.0,
        1.0,
        0.0,
        0.0,
        0.0,
        0.0,
        0.0,
        0.0,
        0.0
      ],
      "loo_probabilities": [
        0.1888360879394461,
        0.9999033369912876,
        0.999957579731999,
        0.9612383649560948,
        0.5875547188769787,
        0.9998696401172787,
        0.999575894248412,
        0.3986969351281122,
        0.9999762460201299,
        0.0017019112283699234,
        0.9998551833306567,
        0.9989059567917463,
        2.3045007102558552e-05,
        3.020696886072684e-05,
        2.919020417596636e-05,
        2.1884515836912345e-05,
        2.3823985098009484e-05,
        2.1866254393418857e-05,
        2.1896821693830584e-05
      ]
    },
    "RandomForest": {
      "loo_cv": {
        "auc": 0.8778,
        "precision": 0.75,
        "recall": 0.6667,
        "f1": 0.7059,
        "accuracy": 0.7368
      },
      "repeated_cv": {
        "mean": {
          "auc": 0.91,
          "precision": 0.7067,
          "recall": 0.66,
          "f1": 0.6493,
          "accuracy": 0.7317
        },
        "std": {
          "auc": 0.1855,
          "precision": 0.369,
          "recall": 0.3666,
          "f1": 0.3277,
          "accuracy": 0.2143
        },
        "n_repeats": 10,
        "n_splits": 5
      },
      "loo_predictions": [
        0.0,
        1.0,
        1.0,
        1.0,
        1.0,
        0.0,
        1.0,
        1.0,
        1.0,
        1.0,
        0.0,
        0.0,
        0.0,
        0.0,
        0.0,
        0.0,
        0.0,
        0.0,
        0.0
      ],
      "loo_probabilities": [
        0.41690476190476183,
        0.5999484126984126,
        0.7520714285714287,
        0.7333055555555554,
        0.7621273448773451,
        0.3787481962481963,
        0.7253293650793651,
        0.6782281746031745,
        0.8874206349206346,
        0.5451607142857143,
        0.38325396825396824,
        0.2661805555555557,
        0.26442965367965376,
        0.19361147186147193,
        0.3043769841269842,
        0.14570346320346317,
        0.21642694805194804,
        0.14435750360750357,
        0.12154401154401148
      ]
    },
    "LogisticRegression": {
      "loo_cv": {
        "auc": 0.8667,
        "precision": 0.8571,
        "recall": 0.6667,
        "f1": 0.75,
        "accuracy": 0.7895
      },
      "repeated_cv": {
        "mean": {
          "auc": 0.85,
          "precision": 0.7067,
          "recall": 0.66,
          "f1": 0.6567,
          "accuracy": 0.7383
        },
        "std": {
          "auc": 0.2179,
          "precision": 0.3536,
          "recall": 0.3527,
          "f1": 0.3197,
          "accuracy": 0.2068
        },
        "n_repeats": 10,
        "n_splits": 5
      },
      "loo_predictions": [
        0.0,
        1.0,
        1.0,
        1.0,
        1.0,
        0.0,
        1.0,
        0.0,
        1.0,
        1.0,
        0.0,
        0.0,
        0.0,
        0.0,
        0.0,
        0.0,
        0.0,
        0.0,
        0.0
      ],
      "loo_probabilities": [
        0.23634980548810872,
        0.6608982820667522,
        0.9163377781915796,
        0.9267018078326911,
        0.9929334824585663,
        0.2590367156878402,
        0.7927607303024399,
        0.32102313180318703,
        0.9832589451635232,
        0.8309782391657904,
        0.3602145930898076,
        0.46182388401022384,
        0.12839501827521727,
        0.10029863036700605,
        0.049970848609212526,
        0.02382377993239835,
        0.06978709939132267,
        0.014124621244176938,
        0.0003166846965352546
      ]
    }
  },
  "per_feature_auc": {
    "contract_to_eoa_ratio": 0.9,
    "tx_interval_mean": 0.8556,
    "unique_contracts_ratio": 0.8389,
    "tx_interval_std": 0.8333,
    "tx_interval_skewness": 0.8333,
    "gas_limit_precision": 0.8222,
    "method_id_diversity": 0.8,
    "sequential_pattern_score": 0.7889,
    "burst_frequency": 0.7889,
    "weekend_ratio": 0.7778,
    "gas_price_nonce_correlation": 0.7778,
    "multi_protocol_interaction_count": 0.7778,
    "top_contract_concentration": 0.7611,
    "gas_price_trailing_zeros_mean": 0.7333,
    "gas_price_round_number_ratio": 0.7278,
    "unverified_contract_approve_ratio": 0.7278,
    "unlimited_approve_ratio": 0.7111,
    "active_hour_entropy": 0.6778,
    "approve_revoke_ratio": 0.65,
    "gas_price_cv": 0.6,
    "night_activity_ratio": 0.5444,
    "eip1559_priority_fee_precision": 0.5,
    "flash_loan_usage": 0.5
  },
  "gbm_feature_importance": {
    "weekend_ratio": 0.3114,
    "gas_limit_precision": 0.2958,
    "sequential_pattern_score": 0.1235,
    "burst_frequency": 0.0955,
    "tx_interval_mean": 0.0628,
    "gas_price_cv": 0.0597,
    "tx_interval_skewness": 0.0512,
    "method_id_diversity": 0.0,
    "gas_price_nonce_correlation": 0.0,
    "contract_to_eoa_ratio": 0.0,
    "gas_price_trailing_zeros_mean": 0.0,
    "gas_price_round_number_ratio": 0.0,
    "active_hour_entropy": 0.0,
    "tx_interval_std": 0.0,
    "night_activity_ratio": 0.0,
    "flash_loan_usage": 0.0,
    "multi_protocol_interaction_count": 0.0,
    "unique_contracts_ratio": 0.0,
    "top_contract_concentration": 0.0,
    "unlimited_approve_ratio": 0.0,
    "approve_revoke_ratio": 0.0,
    "unverified_contract_approve_ratio": 0.0,
    "eip1559_priority_fee_precision": 0.0
  },
  "confusion_matrix_gbm_loo": [
    [
      8,
      2
    ],
    [
      2,
      7
    ]
  ],
  "classification_report_loo_gbm": {
    "Human": {
      "precision": 0.8,
      "recall": 0.8,
      "f1-score": 0.8,
      "support": 10.0
    },
    "Agent": {
      "precision": 0.7777777777777778,
      "recall": 0.7777777777777778,
      "f1-score": 0.7777777777777778,
      "support": 9.0
    },
    "accuracy": 0.7894736842105263,
    "macro avg": {
      "precision": 0.788888888888889,
      "recall": 0.788888888888889,
      "f1-score": 0.788888888888889,
      "support": 19.0
    },
    "weighted avg": {
      "precision": 0.7894736842105263,
      "recall": 0.7894736842105263,
      "f1-score": 0.7894736842105263,
      "support": 19.0
    }
  },
  "misclassified_loo": [
    {
      "address": "0x56178a0d5F301bAf6CF3e1Cd53d9863437345Bf9",
      "true_label": "Agent",
      "predicted_label": "Human",