{
  "dataset": {
    "n_samples": 23,
    "n_agents": 13,
    "n_humans": 10,
    "n_features": 23,
    "feature_names": [
      "tx_interval_mean",
      "tx_interval_std",
      "tx_interval_skewness",
      "active_hour_entropy",
      "night_activity_ratio",
      "weekend_ratio",
      "burst_frequency",
      "gas_price_round_number_ratio",
      "gas_price_trailing_zeros_mean",
      "gas_limit_precision",
      "gas_price_cv",
      "eip1559_priority_fee_precision",
      "gas_price_nonce_correlation",
      "unique_contracts_ratio",
      "top_contract_concentration",
      "method_id_diversity",
      "contract_to_eoa_ratio",
      "sequential_pattern_score",
      "unlimited_approve_ratio",
      "approve_revoke_ratio",
      "unverified_contract_approve_ratio",
      "multi_protocol_interaction_count",
      "flash_loan_usage"
    ]
  },
  "models": {
    "GradientBoosting": {
      "loo_cv": {
        "auc": 0.8231,
        "precision": 0.8333,
        "recall": 0.7692,
        "f1": 0.8,
        "accuracy": 0.7826
      },
      "repeated_cv": {
        "mean": {
          "auc": 0.7067,
          "precision": 0.717,
          "recall": 0.6533,
          "f1": 0.6501,
          "accuracy": 0.649
        },
        "std": {
          "auc": 0.2539,
          "precision": 0.2767,
          "recall": 0.2884,
          "f1": 0.2364,
          "accuracy": 0.1971
        },
        "n_repeats": 10,
        "n_splits": 5
      },
      "loo_predictions": [
        0.0,
        1.0,
        1.0,
        1.0,
        1.0,
        0.0,
        1.0,
        0.0,
        1.0,
        1.0,
        1.0,
        1.0,
        0.0,
        0.0,
        0.0,
        0.0,
        0.0,
        0.0,
        0.0,
        1.0,
        0.0,
        1.0,
        1.0
      ],
      "loo_probabilities": [
        0.2311190537274326,
        0.9999531113910417,
        0.9999665275210223,
        0.9951049365583341,
        0.9971740780493081,
        3.271203826474887e-05,
        0.999884639947041,
        0.20410209589909994,
        0.9999681259379392,
        0.998665912074785,
        0.9988862772355224,
        0.9999331629965286,
        0.00014849843419808718,
        0.00025660828324506653,
        0.00012337049276038768,
        4.145220254507438e-05,
        2.7209392415151538e-05,
        0.0023705879725495673,
        0.00042722600757121943,
        0.999971912277631,
        8.969929920765931e-05,
        0.9999815485586788,
        0.9999524086137875
      ]
    },
    "RandomForest": {
      "loo_cv": {
        "auc": 0.7077,
        "precision": 0.8182,
        "recall": 0.6923,
        "f1": 0.75,
        "accuracy": 0.7391
      },
      "repeated_cv": {
        "mean": {
          "auc": 0.78,
          "precision": 0.827,
          "recall": 0.77,
          "f1": 0.7638,
          "accuracy": 0.759
        },
        "std": {
          "auc": 0.206,
          "precision": 0.2244,
          "recall": 0.2685,
          "f1": 0.2057,
          "accuracy": 0.1802
        },
        "n_repeats": 10,
        "n_splits": 5
      },
      "loo_predictions": [
        0.0,
        1.0,
        1.0,
        1.0,
        1.0,
        1.0,
        1.0,
        1.0,
        1.0,
        1.0,
        1.0,
        0.0,
        0.0,
        0.0,
        0.0,
        0.0,
        0.0,
        0.0,
        0.0,
        0.0,
        0.0,
        1.0,
        0.0
      ],
      "loo_probabilities": [
        0.48262265512265523,
        0.6958434343434342,
        0.8030577200577205,
        0.8160456349206352,
        0.8251190476190479,
        0.5116329365079364,
        0.6235600649350649,
        0.7165952380952381,
        0.8418531746031743,
        0.6690555555555555,
        0.6166277056277059,
        0.44413023088023096,
        0.4199312770562771,
        0.4114298340548339,
        0.42873069985569984,
        0.39503499278499293,
        0.29243362193362193,
        0.47694787157287166,
        0.46990169552669536,
        0.4662963564213563,
        0.15838690476190473,
        0.6505357142857143,
        0.3236814574314576
      ]
    },
    "LogisticRegression": {
      "loo_cv": {
        "auc": 0.5923,
        "precision": 0.6364,
        "recall": 0.5385,
        "f1": 0.5833,
        "accuracy": 0.5652
      },
      "repeated_cv": {
        "mean": {
          "auc": 0.605,
          "precision": 0.587,
          "recall": 0.5267,
          "f1": 0.5275,
          "accuracy": 0.557
        },
        "std": {
          "auc": 0.246,
          "precision": 0.3354,
          "recall": 0.3098,
          "f1": 0.2804,
          "accuracy": 0.2057
        },
        "n_repeats": 10,
        "n_splits": 5
      },
      "loo_predictions": [
        0.0,
        1.0,
        1.0,
        1.0,
        1.0,
        0.0,
        1.0,
        1.0,
        1.0,
        0.0,
        0.0,
        1.0,
        0.0,
        0.0,
        0.0,
        1.0,
        0.0,
        0.0,
        0.0,
        1.0,
        0.0,
        1.0,
        0.0
      ],
      "loo_probabilities": [
        0.02965488059050137,
        0.7977736429174134,
        0.8534011866074876,
        0.9619602913213682,
        0.9979784156370876,
        0.37098878768580346,
        0.6058150732086709,
        0.7451393346539728,
        0.9243354586125268,
        0.23169342493141357,
        0.4102234617932167,
        0.9424746229286244,
        0.1387643397066487,
        0.46534659592844924,
        0.08316286165070733,
        0.5854145781587673,
        0.17725881609713914,
        0.2668206299912787,
        0.007872306572483813,
        0.5095328588545145,
        0.1902394768268057,
        0.7696436264543521,
        0.17506727034431077
      ]
    }
  },
  "per_feature_auc": {
    "contract_to_eoa_ratio": 0.8077,
    "gas_limit_precision": 0.7923,
    "gas_price_trailing_zeros_mean": 0.7308,
    "weekend_ratio": 0.7308,
    "gas_price_round_number_ratio": 0.7269,
    "tx_interval_std": 0.7231,
    "tx_interval_skewness": 0.7077,
    "method_id_diversity": 0.7077,
    "tx_interval_mean": 0.7,
    "multi_protocol_interaction_count": 0.6769,
    "unverified_contract_approve_ratio": 0.6654,
    "sequential_pattern_score": 0.6615,
    "unique_contracts_ratio": 0.6577,
    "approve_revoke_ratio": 0.65,
    "active_hour_entropy": 0.6231,
    "unlimited_approve_ratio": 0.6154,
    "top_contract_concentration": 0.5962,
    "gas_price_nonce_correlation": 0.5846,
    "gas_price_cv": 0.5615,
    "burst_frequency": 0.5462,
    "night_activity_ratio": 0.5077,
    "eip1559_priority_fee_precision": 0.5,
    "flash_loan_usage": 0.5
  },
  "gbm_feature_importance": {
    "gas_limit_precision": 0.2259,
    "active_hour_entropy": 0.1657,
    "burst_frequency": 0.1111,
    "gas_price_trailing_zeros_mean": 0.0859,
    "tx_interval_mean": 0.0859,
    "gas_price_round_number_ratio": 0.0663,
    "tx_interval_std": 0.0649,
    "weekend_ratio": 0.0641,
    "gas_price_cv": 0.0612,
    "night_activity_ratio": 0.0199,
    "top_contract_concentration": 0.0193,
    "contract_to_eoa_ratio": 0.0136,
    "unverified_contract_approve_ratio": 0.0058,
    "method_id_diversity": 0.0052,
    "tx_interval_skewness": 0.0023,
    "gas_price_nonce_correlation": 0.0016,
    "sequential_pattern_score": 0.0009,
    "multi_protocol_interaction_count": 0.0003,
    "flash_loan_usage": 0.0,
    "unique_contracts_ratio": 0.0,
    "unlimited_approve_ratio": 0.0,
    "approve_revoke_ratio": 0.0,
    "eip1559_priority_fee_precision": 0.0
  },
  "confusion_matrix_gbm_loo": [
    [
      8,
      2
    ],
    [
      3,
      10
    ]
  ],
  "classification_report_loo_gbm": {
    "Human": {
      "precision": 0.7272727272727273,
      "recall": 0.8,
      "f1-score": 0.7619047619047619,
      "support": 10.0
    },
    "Agent": {
      "precision": 0.8333333333333334,
      "recall": 0.7692307692307693,
      "f1-score": 0.8,
      "support": 13.0
    },
    "accuracy": 0.782608695652174,