{
  "experiment": "blind_evasion_test",
  "description": "Knowledge-level ablation: tests whether LLM evasion requires exact threshold knowledge or emerges from reasoning about legitimate on-chain behavior.",
  "model": "claude-haiku-4-5",
  "timestamp": "2026-04-16T15:37:51.485881",
  "total_time_seconds": 943.5834720134735,
  "conditions": {
    "full_knowledge": {
      "condition": "FULL_KNOWLEDGE",
      "n_wallets": 90,
      "n_evade": 90,
      "evasion_rate": 1.0,
      "n_api_calls": 10,
      "n_parse_failures": 1,
      "trigger_rates": {
        "BT": 0.0,
        "BW": 0.0,
        "HF": 0.0,
        "RF": 0.0,
        "MA": 0.0
      },
      "indicator_distributions": {
        "BT": {
          "mean": 2.2666666666666666,
          "std": 1.3888444437333105,
          "median": 2.0,
          "min": 0.0,
          "max": 4.0,
          "pct_below_threshold": 1.0
        },
        "BW": {
          "mean": 4.777777777777778,
          "std": 2.632184465748629,
          "median": 5.0,
          "min": 0.0,
          "max": 9.0,
          "pct_below_threshold": 1.0
        },
        "HF": {
          "mean": 0.49266666666666664,
          "std": 0.2005204339822863,
          "median": 0.52,
          "min": 0.09,
          "max": 0.79,
          "pct_below_threshold": 1.0
        },
        "RF": {
          "mean": 0.2816666666666667,
          "std": 0.13973188612482118,
          "median": 0.29,
          "min": 0.04,
          "max": 0.49,
          "pct_below_threshold": 1.0
        },
        "MA": {
          "mean": 2.3333333333333335,
          "std": 1.1832159566199232,
          "median": 2.0,
          "min": 0.0,
          "max": 4.0,
          "pct_below_threshold": 1.0
        }
      },
      "ai_feature_distributions": {
        "hour_entropy": {
          "mean": 2.4985555555555554,
          "std": 0.11938324013315837,
          "median": 2.4850000000000003,
          "min": 2.28,
          "max": 2.72,
          "n": 90
        },
        "behavioral_consistency": {
          "mean": 0.19422222222222219,
          "std": 0.03282877388910113,
          "median": 0.19,
          "min": 0.13,
          "max": 0.26,
          "n": 90
        },
        "response_latency_variance": {
          "mean": 5.26111111111111,
          "std": 0.6400441728583087,
          "median": 5.1899999999999995,
          "min": 4.08,
          "max": 7.02,
          "n": 90
        },
        "action_sequence_perplexity": {
          "mean": 2.0545555555555555,
          "std": 0.1801737501605425,
          "median": 2.06,
          "min": 1.76,
          "max": 2.53,
          "n": 90
        },
        "error_recovery_pattern": {
          "mean": 0.03577777777777778,
          "std": 0.014905463411319113,
          "median": 0.04,
          "min": 0.01,
          "max": 0.07,
          "n": 90
        },
        "gas_nonce_gap_regularity": {
          "mean": 0.8527777777777777,
          "std": 0.03418991981979413,
          "median": 0.85,
          "min": 0.79,
          "max": 0.93,
          "n": 90
        },
        "eip1559_tip_precision": {
          "mean": 0.4971111111111111,
          "std": 0.045246103440442366,
          "median": 0.49,
          "min": 0.38,
          "max": 0.58,
          "n": 90
        },
        "gas_price_precision": {
          "mean": 0.6991111111111111,
          "std": 0.04078791881167331,
          "median": 0.7,
          "min": 0.6,
          "max": 0.78,
          "n": 90
        }
      },
      "example_wallets": [
        {
          "wallet_id": "0xd3a1f7c9b02e4856a1c3e7d9f0b284563e71a0d9",
          "BT": 2,
          "BW": 4,
          "HF": 0.41,
          "RF": 0.18,
          "MA": 2,
          "hour_entropy": 2.53,
          "behavioral_consistency": 0.19,
          "response_latency_variance": 5.12,
          "action_sequence_perplexity": 2.07,
          "error_recovery_pattern": 0.03,
          "gas_nonce_gap_regularity": 0.84,
          "eip1559_tip_precision": 0.48,
          "gas_price_precision": 0.71
        },
        {
          "wallet_id": "0x8b2c0e5fa93d174268d1bf7e604ac93582f6e1b3",
          "BT": 4,
          "BW": 3,
          "HF": 0.72,
          "RF": 0.44,
          "MA": 1,
          "hour_entropy": 2.38,
          "behavioral_consistency": 0.23,
          "response_latency_variance": 4.67,
          "action_sequence_perplexity": 1.88,
          "error_recovery_pattern": 0.05,
          "gas_nonce_gap_regularity": 0.87,
          "eip1559_tip_precision": 0.53,
          "gas_price_precision": 0.66
        },
        {
          "wallet_id": "0x1f6e84a2d7b039c5e8124df6a9c7b3e05d82f4a7",
          "BT": 1,
          "BW": 7,
          "HF": 0.55,
          "RF": 0.31,
          "MA": 4,
          "hour_entropy": 2.61,
          "behavioral_consistency": 0.17,
          "response_latency_variance": 5.83,
          "action_sequence_perplexity": 2.14,
          "error_recovery_pattern": 0.02,
          "gas_nonce_gap_regularity": 0.82,
          "eip1559_tip_precision": 0.45,
          "gas_price_precision": 0.74
        },
        {
          "wallet_id": "0xc4d9307bf1a8e265d09b4c6f2e7a518d3f90cb62",
          "BT": 3,
          "BW": 9,
          "HF": 0.38,
          "RF": 0.12,
          "MA": 3,
          "hour_entropy": 2.44,
          "behavioral_consistency": 0.21,
          "response_latency_variance": 4.29,
          "action_sequence_perplexity": 1.93,
          "error_recovery_pattern": 0.04,
          "gas_nonce_gap_regularity": 0.89,
          "eip1559_tip_precision": 0.51,
          "gas_price_precision": 0.68
        },
        {
          "wallet_id": "0x7a0b5d3e81f4c926a7d2e0f5b39c168d4a72e5f0",
          "BT": 0,
          "BW": 2,
          "HF": 0.67,
          "RF": 0.49,
          "MA": 2,
          "hour_entropy": 2.72,
          "behavioral_consistency": 0.15,
          "response_latency_variance": 6.14,
          "action_sequence_perplexity": 2.31,
          "error_recovery_pattern": 0.03,
          "gas_nonce_gap_regularity": 0.81,
          "eip1559_tip_precision": 0.56,
          "gas_price_precision": 0.73
        }
      ]
    },
    "partial_knowledge": {
      "condition": "PARTIAL_KNOWLEDGE",
      "n_wallets": 60,
      "n_evade": 60,
      "evasion_rate": 1.0,
      "n_api_calls": 10,
      "n_parse_failures": 4,
      "trigger_rates": {
        "BT": 0.0,
        "BW": 0.0,
        "HF": 0.0,
        "RF": 0.0,
        "MA": 0.0
      },
      "indicator_distributions": {
        "BT": {
          "mean": 1.35,
          "std": 1.1665476129731411,
          "median": 1.0,
          "min": 0.0,
          "max": 4.0,
          "pct_below_threshold": 1.0
        },
        "BW": {
          "mean": 0.8,
          "std": 0.812403840463596,
          "median": 1.0,
          "min": 0.0,
          "max": 3.0,
          "pct_below_threshold": 1.0
        },
        "HF": {
          "mean": 0.18983333333333335,
          "std": 0.06719354300989211,
          "median": 0.185,
          "min": 0.06,
          "max": 0.35,
          "pct_below_threshold": 1.0
        },
        "RF": {
          "mean": 0.0945,
          "std": 0.04283398183685472,
          "median": 0.09,
          "min": 0.02,
          "max": 0.21,
          "pct_below_threshold": 1.0
        },
        "MA": {
          "mean": 0.8833333333333333,
          "std": 0.7765665171481162,
          "median": 1.0,
          "min": 0.0,
          "max": 2.0,
          "pct_below_threshold": 1.0
        }
      },
      "ai_feature_distributions": {
        "hour_entropy": {
          "mean": 2.9471666666666665,
          "std": 0.26713973663401125,
          "median": 2.935,
          "min": 2.46,
          "max": 3.62,
          "n": 60
        },
        "behavioral_consistency": {
          "mean": 0.32933333333333337,
          "std": 0.0757598545111826,
          "median": 0.34,
          "min": 0.14,
          "max": 0.47,
          "n": 60
        },