{
  "metadata": {
    "timestamp": "2026-04-08T12:57:13.278832",
    "source": "/Users/adelinewen/NSF/paper1_onchain_agent_id/data/features_expanded.parquet",
    "n_agents": 2590,
    "n_humans": 726,
    "features": [
      "gas_price_precision",
      "hour_entropy",
      "behavioral_consistency",
      "action_sequence_perplexity",
      "error_recovery_pattern",
      "response_latency_variance",
      "gas_nonce_gap_regularity",
      "eip1559_tip_precision"
    ],
    "description": "Real AI-specific feature distributions computed from Paper 1 labeled on-chain agent/human addresses. Includes Mann-Whitney U tests for each feature."
  },
  "agent_distributions": {
    "gas_price_precision": {
      "count": 2590,
      "mean": 0.7013822598565826,
      "std": 0.31294469008397774,
      "min": 0.0,
      "p10": 0.2225755791126816,
      "p25": 0.42897047086991225,
      "median": 0.8362685815066768,
      "p75": 0.9887513632789713,
      "p90": 1.0,
      "max": 1.0
    },
    "hour_entropy": {
      "count": 2590,
      "mean": 4.043825396637868,
      "std": 0.31611161320464326,
      "min": 1.588122125730966,
      "p10": 3.692871551332884,
      "p25": 3.9008896544476985,
      "median": 4.089664888958475,
      "p75": 4.253903326587902,
      "p90": 4.378791558449725,
      "max": 4.578511952629306
    },
    "behavioral_consistency": {
      "count": 2590,
      "mean": 0.18543057043591296,
      "std": 0.07117002476593044,
      "min": 0.020531527790743836,
      "p10": 0.09324333273158106,
      "p25": 0.13535957701951895,
      "median": 0.18215841928295262,
      "p75": 0.23228613827998307,
      "p90": 0.2784646600607313,
      "max": 0.5082167040250576
    },
    "action_sequence_perplexity": {
      "count": 2590,
      "mean": 3.0405117451349444,
      "std": 1.2760117930257013,
      "min": -0.0,
      "p10": 1.1332623142620066,
      "p25": 2.207974696175585,
      "median": 3.061618554027023,
      "p75": 3.904531944514914,
      "p90": 4.6877631416163075,
      "max": 11.144589773495538
    },
    "error_recovery_pattern": {
      "count": 2590,
      "mean": 0.04336165108470467,
      "std": 0.041308957573825245,
      "min": 0.0,
      "p10": 0.0036690526598783485,
      "p25": 0.015429719542483455,
      "median": 0.034482758620689655,
      "p75": 0.059625432893857466,
      "p90": 0.09033079678878689,
      "max": 0.51
    },
    "response_latency_variance": {
      "count": 2590,
      "mean": 5.59408912369693,
      "std": 3.9707443854455455,
      "min": 0.9676645652912349,
      "p10": 2.591119983057028,
      "p25": 3.3050353824212255,
      "median": 4.489727040726994,
      "p75": 6.387730038749723,
      "p90": 9.724629540293726,
      "max": 47.705581493590586
    },
    "gas_nonce_gap_regularity": {
      "count": 2590,
      "mean": 0.8742981931037275,
      "std": 0.11298461281579673,
      "min": 0.04360872174434887,
      "p10": 0.7390979883192732,
      "p25": 0.8367346938775511,
      "median": 0.905664842994808,
      "p75": 0.9487966826759048,
      "p90": 0.9732632040324347,
      "max": 1.0
    },
    "eip1559_tip_precision": {
      "count": 2590,
      "mean": 0.6546371768166959,
      "std": 0.34834894407979095,
      "min": 0.0,
      "p10": 0.1111111111111111,
      "p25": 0.3145733461169703,
      "median": 0.7972748075722904,
      "p75": 0.9825245633187772,
      "p90": 1.0,
      "max": 1.0
    }
  },
  "human_distributions": {
    "gas_price_precision": {
      "count": 726,
      "mean": 0.5980569372485757,
      "std": 0.34580734672323554,
      "min": 0.0,
      "p10": 0.13548951048951047,
      "p25": 0.28595238095238096,
      "median": 0.5882352941176471,
      "p75": 0.9858134313125128,
      "p90": 1.0,
      "max": 1.0
    },
    "hour_entropy": {
      "count": 726,
      "mean": 3.174251125457221,
      "std": 0.5334908173996464,
      "min": 0.5446587732348805,
      "p10": 2.555592733131557,
      "p25": 2.873140679513133,
      "median": 3.2546172632240777,
      "p75": 3.518498764742956,
      "p90": 3.6780641739882114,
      "max": 4.562048187366818
    },
    "behavioral_consistency": {
      "count": 726,
      "mean": 0.27833217336700955,
      "std": 0.07828182327231739,
      "min": 0.04101350764346614,
      "p10": 0.18002859404708374,
      "p25": 0.22403850614583043,
      "median": 0.2760207816659279,
      "p75": 0.33039736514344564,
      "p90": 0.38216045108593943,
      "max": 0.5200210463522923
    },
    "action_sequence_perplexity": {
      "count": 726,
      "mean": 2.136396499750646,
      "std": 1.0327438503853266,
      "min": -0.0,
      "p10": 0.8904916402194913,
      "p25": 1.2980278052542473,
      "median": 2.110876099360256,
      "p75": 2.774100332550001,
      "p90": 3.3488856387866344,
      "max": 6.149649773666799
    },
    "error_recovery_pattern": {
      "count": 726,
      "mean": 0.035924467177258404,
      "std": 0.06553502191754264,
      "min": 0.0,
      "p10": 0.0,
      "p25": 0.0,
      "median": 0.01105276013678554,
      "p75": 0.0449438202247191,
      "p90": 0.09212962962962962,
      "max": 0.6145038167938931
    },
    "response_latency_variance": {
      "count": 726,
      "mean": 2.9787925402875377,
      "std": 1.6778840289458994,
      "min": 0.9229990920836978,
      "p10": 1.6167031549751891,
      "p25": 2.026661104982813,
      "median": 2.6229156239383427,
      "p75": 3.4635184452608954,
      "p90": 4.554686498530248,
      "max": 23.382211067950607
    },
    "gas_nonce_gap_regularity": {
      "count": 726,
      "mean": 0.8088800674281904,
      "std": 0.14089853817972092,
      "min": 0.04411764705882353,
      "p10": 0.6282894736842105,
      "p25": 0.75,
      "median": 0.8378378378378378,
      "p75": 0.9111865802202326,
      "p90": 0.9511904761904761,
      "max": 1.0
    },
    "eip1559_tip_precision": {
      "count": 726,
      "mean": 0.533735067801318,
      "std": 0.3823703133099843,
      "min": 0.0,
      "p10": 0.045454545454545456,
      "p25": 0.15666118421052633,
      "median": 0.47937710437710435,
      "p75": 0.9735064011379801,
      "p90": 1.0,
      "max": 1.0
    }
  },
  "statistical_tests": {
    "gas_price_precision": {
      "cohens_d": 0.3133105835084735,
      "mann_whitney": {
        "U_statistic": 1059847.0,
        "p_value": 1.43994996564209e-07,
        "significant_0.05": true,
        "significant_0.01": true,
        "effect_size_r": 0.5636464681919228
      }
    },
    "hour_entropy": {
      "cohens_d": 1.983131352354365,
      "mann_whitney": {
        "U_statistic": 1757495.5,
        "p_value": 1.8103047787866668e-281,
        "significant_0.05": true,
        "significant_0.01": true,
        "effect_size_r": 0.9346689960326324
      }
    },
    "behavioral_consistency": {
      "cohens_d": 1.2418260260733691,
      "mann_whitney": {
        "U_statistic": 356640.0,
        "p_value": 1.7149541398753418e-144,
        "significant_0.05": true,
        "significant_0.01": true,
        "effect_size_r": 0.1896678260314624
      }
    },
    "action_sequence_perplexity": {
      "cohens_d": 0.7788938311108539,
      "mann_whitney": {
        "U_statistic": 1344750.5,
        "p_value": 1.8458695131685553e-70,
        "significant_0.05": true,
        "significant_0.01": true,
        "effect_size_r": 0.715163481072572
      }
    },
    "error_recovery_pattern": {
      "cohens_d": 0.13576942199118178,
      "mann_whitney": {
        "U_statistic": 1237037.5,
        "p_value": 6.095920595102774e-39,
        "significant_0.05": true,
        "significant_0.01": true,
        "effect_size_r": 0.657879691970601
      }
    },
    "response_latency_variance": {
      "cohens_d": 0.858002355579942,
      "mann_whitney": {
        "U_statistic": 1523700.0,
        "p_value": 1.7149541398753418e-144,
        "significant_0.05": true,
        "significant_0.01": true,
        "effect_size_r": 0.8103321739685376
      }
    },